{
  "PACS": [
    {
      "seed": 42,
      "test_domain": "cartoon",
      "naive_accuracy": 12.5,
      "domain_accuracies": {
        "sketch": 9.375,
        "photo": 6.25,
        "art_painting": 6.25
      },
      "final_accuracy": 6.25,
      "coefficients": [
        0.3365245461463928,
        0.333205908536911,
        0.33026954531669617
      ]
    }
  ],
  "VLCS": [
    {
      "seed": 42,
      "test_domain": "LabelMe",
      "naive_accuracy": 17.391304347826086,
      "domain_accuracies": {
        "SUN09": 39.130434782608695,
        "Caltech101": 30.434782608695656,
        "VOC2007": 30.434782608695656
      },
      "final_accuracy": 34.78260869565217,
      "coefficients": [
        0.13060513138771057,
        0.12683871388435364,
        0.7425562143325806
      ]
    }
  ],
  "OfficeHome": [
    {
      "seed": 42,
      "test_domain": "Product",
      "naive_accuracy": 6.143344709897611,
      "domain_accuracies": {
        "Clipart": 0.6825938566552902,
        "Art": 1.3651877133105803,
        "Real World": 0.6825938566552902
      },
      "final_accuracy": 0.6825938566552902,
      "coefficients": [
        0.332515686750412,
        0.3319089412689209,
        0.3355754017829895
      ]
    }
  ]
}